id;title;is_checked;date_add;dead_line;nombre_task
1;withdrawal Avon rich;true;2021-04-25;2021-04-25;15584
2;Washington;true;2021-04-26;2021-04-26;41718
3;Baby withdrawal Rubber;false;2021-04-25;2021-04-26;99818
4;Central circuit;true;2021-04-25;2021-04-25;96296
5;Quality proactive;true;2021-04-26;2021-04-26;97652
6;hacking;true;2021-04-26;2021-04-25;79811
7;web-enabled Bacon Health;true;2021-04-25;2021-04-26;6225
8;bypass;false;2021-04-26;2021-04-25;39138
9;Checking Intelligent programming;true;2021-04-25;2021-04-25;55150
10;Plastic Engineer navigate;false;2021-04-25;2021-04-26;17359
